{
  "name": "Cloud Dev Environment",
  "build": {
    "dockerfile": "Dockerfile"
  },
  "features": {
    "ghcr.io/devcontainers/features/node:1": {
      "version": "18"
    },
    "ghcr.io/devcontainers/features/python:1": {
      "version": "3.10"
    }
  },
  "postCreateCommand": "./scripts/setup/init.sh",
  "customizations": {
    "vscode": {
      "extensions": [
        "ms-python.python",
        "dbaeumer.vscode-eslint",
        "ms-azuretools.vscode-docker"
      ]
    }
  },
  "forwardPorts": [3000, 8000],
  "remoteUser": "vscode"
}